Padrao,Busca,DensidadeRegiao
0,BFS,0.7142857142857143
2,BFS,0.7142857142857143
4,BFS,0.7142857142857143
6,BFS,0.7142857142857143
7,BFS,0.7142857142857143
8,BFS,0.7142857142857143
11,BFS,0.7142857142857143
12,BFS,0.7142857142857143
1,BFS,0.8
3,BFS,0.8
5,BFS,0.8
9,BFS,0.8
10,BFS,0.8
13,BFS,0.8
