Padrao,Busca,DensidadeRegiao,NMPA_Parcial
1,DFS,0.3006535947712418,11
12,DFS,0.3006535947712418,11
10,DFS,0.3006535947712418,11
8,DFS,0.3006535947712418,11
5,DFS,0.3006535947712418,11
4,DFS,0.3006535947712418,11
3,DFS,0.3006535947712418,11
2,DFS,0.3006535947712418,11
7,DFS,0.3006535947712418,11
13,DFS,0.3006535947712418,11
6,DFS,0.3006535947712418,11
"[17, 18]",Ordenacao_Rapida,1.0,11
