Padrão,Densidade,Busca
1,0.6888888888888889,BFS
0,0.6888888888888889,BFS
2,0.6888888888888889,BFS
4,0.6888888888888889,BFS
3,0.6888888888888889,BFS
5,0.6888888888888889,BFS
6,0.6888888888888889,BFS
7,0.6888888888888889,BFS
8,0.6888888888888889,BFS
9,0.6888888888888889,BFS
