Padrao,Busca,DensidadeRegiao
0,BFS,0.9333333333333333
1,BFS,0.9333333333333333
2,BFS,0.9333333333333333
3,BFS,0.9333333333333333
4,BFS,0.9333333333333333
5,BFS,0.9333333333333333
8,BFS,1.0
6,BFS,1.0
7,BFS,1.0
9,BFS,1.0
