Padrao,Busca,DensidadeRegiao,NMPA_Parcial
1,BFS,0.6888888888888889,14
4,BFS,0.6888888888888889,14
3,BFS,0.6888888888888889,14
2,BFS,0.6888888888888889,14
6,BFS,0.6888888888888889,14
8,BFS,0.6888888888888889,14
5,BFS,0.6888888888888889,14
0,BFS,0.6888888888888889,14
9,BFS,0.6888888888888889,14
7,BFS,0.6888888888888889,14
