Padrao,Busca,DensidadeRegiao
0,BFS,0.5714285714285714
6,BFS,0.5714285714285714
9,BFS,0.5714285714285714
11,BFS,0.5714285714285714
15,BFS,0.5714285714285714
10,BFS,0.5714285714285714
16,BFS,0.5714285714285714
1,BFS,0.7333333333333333
4,BFS,0.7333333333333333
7,BFS,0.7333333333333333
8,BFS,0.7333333333333333
12,BFS,0.7333333333333333
13,BFS,0.7333333333333333
2,BFS,0.5
3,BFS,0.5
5,BFS,0.5
14,BFS,0.5
19,BFS,0.5
17,BFS,1.0
18,BFS,1.0
